Nr;Dlugosc_kroku;x1_0;x2_0;x1_HJ;x2_HJ;f_HJ;calls_HJ;Min_global_HJ;x1_Rosen;x2_Rosen;f_Rosen;calls_Rosen;Min_global_Rosen
1;0,500000;0,503151;0,892159;-0,000756;0,774972;0,619857;69;NIE;-0,000756;0,774728;0,619855;51;NIE
2;0,500000;-0,559122;0,033596;-0,000529;0,000393;0,000014;74;TAK;0,000448;0,000393;0,000011;39;TAK
3;0,500000;-0,717993;0,663025;-0,774634;0,000916;0,619864;98;NIE;-0,774634;0,774353;1,239679;35;NIE
4;0,500000;-0,698747;-0,737136;-0,774918;-0,774245;1,239683;91;NIE;-0,774918;-0,775222;1,239684;35;NIE
5;0,500000;-0,935214;-0,354551;-0,775058;0,000918;0,619868;95;NIE;-0,775058;-0,001035;0,619875;39;NIE
6;0,500000;0,359689;-0,120231;0,773752;0,000863;0,619890;91;NIE;0,775705;0,000008;0,619868;43;NIE
7;0,500000;0,953317;0,806625;0,775582;0,775375;1,239711;92;NIE;0,774606;0,773422;1,239727;39;NIE
8;0,500000;-0,500601;0,285287;-0,000601;0,775521;0,619869;76;NIE;0,000376;0,773568;0,619883;31;NIE
9;0,500000;-0,374096;0,452860;0,000904;0,775125;0,619868;90;NIE;-0,000011;0,775125;0,619842;43;NIE
10;0,500000;-0,818297;-0,736017;-0,775329;-0,775079;1,239690;75;NIE;-0,775329;-0,775079;1,239690;31;NIE
11;0,500000;0,710733;0,314779;0,775186;0,773763;1,239710;91;NIE;0,775186;0,774740;1,239681;43;NIE
12;0,500000;0,783968;-0,724933;0,774202;-0,773762;1,239711;75;NIE;0,774202;-0,775715;1,239714;31;NIE
13;0,500000;0,249815;0,681554;0,775206;0,775304;1,239693;84;NIE;0,773253;0,774328;1,239746;31;NIE
14;0,500000;-0,161469;-0,611029;0,000641;0,000299;0,000016;105;TAK;-0,001313;0,000299;0,000058;39;TAK
15;0,500000;0,702543;0,576293;0,774808;0,000121;0,619838;81;NIE;0,774808;0,774535;1,239676;39;NIE
16;0,500000;0,850101;-0,667343;0,773929;0,774063;1,239707;95;NIE;0,773929;0,774063;1,239707;35;NIE
17;0,500000;0,065318;-0,077400;0,000865;0,000725;0,000041;75;TAK;-0,000112;0,000725;0,000017;31;TAK
18;0,500000;-0,501249;-0,646426;0,000705;0,000058;0,000016;97;TAK;0,000033;0,000058;0,000000;47;TAK
19;0,500000;0,966152;0,371866;0,774746;0,774210;1,239682;92;NIE;0,774746;0,776163;1,239740;35;NIE
20;0,500000;-0,739685;-0,408912;-0,774841;-0,000709;0,619854;82;NIE;-0,774841;0,001244;0,619887;35;NIE
21;0,500000;0,680048;-0,258178;0,773798;0,775025;1,239704;81;NIE;0,774652;-0,000366;0,619842;43;NIE
22;0,500000;0,797635;0,651115;0,774198;0,000725;0,619862;99;NIE;0,774198;0,774162;1,239692;27;NIE
23;0,500000;0,847661;-0,949678;0,775396;-0,773896;1,239710;88;NIE;0,774419;-0,773896;1,239698;35;NIE
24;0,500000;0,055408;-0,070516;0,000721;-0,000203;0,000018;67;TAK;-0,000256;-0,000203;0,000003;35;TAK
25;0,500000;-0,042593;0,977190;0,000376;0,774065;0,619855;83;NIE;0,000376;0,774065;0,619855;31;NIE
26;0,500000;0,476194;-0,688023;0,775022;-0,773961;1,239695;100;NIE;0,775022;-0,774693;1,239677;43;NIE
27;0,500000;-0,471272;-0,031148;-0,000569;0,000102;0,000011;68;TAK;-0,000569;-0,000020;0,000010;31;TAK
28;0,500000;-0,652646;0,217139;-0,000302;0,773780;0,619867;96;NIE;-0,000302;0,774268;0,619846;39;NIE
29;0,500000;0,779442;0,868476;0,775536;0,774726;1,239695;69;NIE;0,775048;0,774726;1,239678;27;NIE
30;0,500000;0,594764;0,441661;-0,000939;0,775645;0,619892;105;NIE;0,774940;0,775645;1,239703;43;NIE
31;0,500000;0,241126;0,234661;0,774329;0,775677;1,239708;89;NIE;0,774329;0,775188;1,239686;43;NIE
32;0,500000;0,426653;0,591431;0,774309;-0,000366;0,619847;97;NIE;0,774309;0,774536;1,239681;39;NIE
33;0,500000;-0,435470;-0,879568;0,000077;-0,774100;0,619849;99;NIE;0,000077;-0,774832;0,619838;47;NIE
34;0,500000;-0,605994;0,427290;-0,000525;0,774946;0,619848;80;NIE;-0,000525;0,774946;0,619848;39;NIE
35;0,500000;0,647819;-0,604975;-0,000618;0,000493;0,000020;87;TAK;0,774528;0,000493;0,619846;39;NIE
36;0,500000;0,700915;-0,079616;0,775134;0,000462;0,619849;90;NIE;0,773181;-0,000026;0,619911;39;NIE
37;0,500000;0,465503;0,011416;0,774097;-0,000303;0,619852;84;NIE;0,776050;0,000186;0,619894;35;NIE
38;0,500000;-0,751533;0,242680;-0,774971;0,773930;1,239696;76;NIE;-0,774604;0,775883;1,239717;43;NIE
39;0,500000;0,494204;0,582666;0,775454;0,000634;0,619867;99;NIE;0,775454;0,776025;1,239745;35;NIE
40;0,500000;0,141633;0,542872;-0,000945;-0,000097;0,000029;107;TAK;0,000032;0,773341;0,619896;39;NIE
41;0,500000;-0,347520;0,690039;0,000137;0,774023;0,619853;107;NIE;0,000137;0,774023;0,619853;39;NIE
42;0,500000;0,218807;0,329385;0,775448;0,774698;1,239691;73;NIE;0,775448;0,774698;1,239691;35;NIE
43;0,500000;-0,580828;-0,251016;-0,000750;0,774374;0,619859;104;NIE;-0,000262;0,000937;0,000030;51;TAK
44;0,500000;0,199688;0,605650;0,773907;0,000181;0,619859;80;NIE;0,773907;0,775572;1,239718;35;NIE
45;0,500000;0,990861;0,882869;0,774065;0,775447;1,239704;91;NIE;0,774065;0,774958;1,239689;43;NIE
46;0,500000;0,599215;0,285618;-0,000395;0,773900;0,619863;90;NIE;0,774996;0,774876;1,239678;35;NIE
47;0,500000;0,300369;-0,703670;0,774978;-0,773983;1,239693;100;NIE;0,774978;-0,774959;1,239678;35;NIE
48;0,500000;0,516371;-0,420098;0,000746;-0,000176;0,000019;82;TAK;0,000746;0,000312;0,000021;43;TAK
49;0,500000;-0,497242;0,355890;0,000805;0,773859;0,619881;91;NIE;0,000073;0,773859;0,619860;39;NIE
50;0,500000;-0,884925;0,710068;-0,775550;0,774521;1,239697;76;NIE;-0,774573;0,774521;1,239676;43;NIE
51;0,500000;0,894508;0,063682;0,775368;-0,000771;0,619869;75;NIE;0,773414;-0,000038;0,619890;39;NIE
52;0,500000;0,820843;0,934950;0,773968;0,774794;1,239692;91;NIE;0,774700;0,772841;1,239784;39;NIE
53;0,500000;-0,558077;0,085869;0,000516;-0,000069;0,000009;90;TAK;0,000516;-0,000069;0,000009;31;TAK
54;0,500000;0,692632;0,930070;0,774663;0,773820;1,239700;91;NIE;0,774663;0,774797;1,239675;35;NIE
55;0,500000;-0,933219;-0,769380;-0,775016;-0,775239;1,239686;90;NIE;-0,775016;-0,774690;1,239677;43;NIE
56;0,500000;-0,272790;-0,927514;0,774085;0,000221;0,619851;113;NIE;-0,001306;-0,774682;0,619892;47;NIE
57;0,500000;0,951582;-0,052419;0,773848;0,000315;0,619864;88;NIE;0,775801;0,000315;0,619877;35;NIE
58;0,500000;0,726716;0,562971;0,775545;0,000471;0,619866;76;NIE;0,775056;0,773909;1,239698;35;NIE
59;0,500000;-0,532536;-0,030279;0,000667;0,000971;0,000044;67;TAK;0,000667;0,000117;0,000015;43;TAK
60;0,500000;-0,787129;0,214942;-0,775410;0,775489;1,239708;75;NIE;-0,774922;0,773536;1,239719;31;NIE
61;0,500000;0,739445;0,871495;0,774601;0,773839;1,239699;75;NIE;0,774601;0,773839;1,239699;31;NIE
62;0,500000;0,020453;0,117208;0,000921;0,000020;0,000027;76;TAK;-0,000055;0,000020;0,000000;35;TAK
63;0,500000;0,963155;-0,646528;0,775655;-0,000043;0,619865;98;NIE;0,774739;-0,000043;0,619837;47;NIE
64;0,500000;0,742652;-0,212713;0,773902;-0,775213;1,239703;60;NIE;0,774634;0,000178;0,619838;39;NIE
65;0,500000;0,554600;-0,566129;-0,000088;0,000278;0,000003;82;TAK;0,773350;-0,001676;0,619985;31;NIE
66;0,500000;-0,197635;0,232947;-0,773807;0,773963;1,239718;97;NIE;0,000607;0,773963;0,619867;39;NIE
67;0,500000;0,821444;0,459371;0,774569;0,773824;1,239700;100;NIE;0,774692;0,775777;1,239710;35;NIE
68;0,500000;-0,422125;-0,436300;-0,000250;-0,000753;0,000020;74;TAK;0,000117;-0,000753;0,000018;47;TAK
69;0,500000;0,499109;-0,039493;-0,000891;-0,000431;0,000031;77;TAK;0,001062;0,000057;0,000036;51;TAK
70;0,500000;-0,665189;0,516689;0,774264;-0,000889;0,619869;87;NIE;0,774752;0,001064;0,619873;43;NIE
71;0,500000;0,834028;-0,122443;0,775434;0,000604;0,619865;68;NIE;0,775434;0,000604;0,619865;27;NIE
72;0,500000;0,246669;-0,168703;0,774013;-0,000734;0,619870;90;NIE;0,774013;0,001219;0,619900;35;NIE
73;0,500000;0,992757;0,972483;0,774007;0,775217;1,239698;91;NIE;0,775960;0,774729;1,239723;43;NIE
74;0,500000;-0,297809;-0,969161;0,774457;-0,773849;1,239700;102;NIE;0,001019;-0,774581;0,619871;43;NIE
75;0,500000;-0,740492;0,784297;-0,775648;0,774531;1,239703;85;NIE;-0,775648;0,774531;1,239703;35;NIE
76;0,500000;-0,329888;-0,811670;0,000190;-0,774561;0,619839;106;NIE;0,000190;-0,774683;0,619838;39;NIE
77;0,500000;0,543400;-0,274174;0,000432;0,774654;0,619843;85;NIE;0,774846;0,001217;0,619885;43;NIE
78;0,500000;0,303412;-0,482840;0,774116;-0,000418;0,619854;74;NIE;0,775092;-0,000418;0,619847;39;NIE
79;0,500000;0,634769;-0,977927;0,000003;-0,774802;0,619837;106;NIE;0,774661;-0,772849;1,239783;43;NIE
80;0,500000;0,923210;0,012561;0,774772;0,000843;0,619860;85;NIE;-0,774056;0,000049;0,619851;47;NIE
81;0,500000;0,155266;-0,437100;0,000969;0,000400;0,000035;84;TAK;-0,000007;-0,001553;0,000077;47;TAK
82;0,500000;0,847907;0,379197;0,775642;0,775681;1,239730;96;NIE;0,774665;0,773728;1,239705;39;NIE
83;0,500000;-0,938104;0,667330;-0,774041;-0,000639;0,619864;95;NIE;-0,775018;0,774751;1,239677;39;NIE
84;0,500000;-0,604139;-0,751240;-0,000623;-0,774677;0,619850;90;NIE;-0,000623;-0,774738;0,619850;43;NIE
85;0,500000;-0,707041;0,544043;-0,775401;-0,000879;0,619876;98;NIE;-0,774424;0,774511;1,239678;39;NIE
86;0,500000;-0,744725;0,285873;-0,774022;0,774154;1,239699;85;NIE;-0,774022;0,775131;1,239695;35;NIE
87;0,500000;-0,804134;-0,333632;-0,774837;0,000352;0,619842;107;NIE;-0,774715;0,000352;0,619841;43;NIE
88;0,500000;-0,783652;0,389741;-0,773886;0,774507;1,239697;82;NIE;-0,774740;0,776460;1,239770;35;NIE
89;0,500000;-0,926580;-0,573638;-0,000799;0,000581;0,000031;97;TAK;-0,774237;0,000581;0,619855;35;NIE
90;0,500000;0,307410;-0,990861;0,774207;-0,774064;1,239696;81;NIE;0,774695;-0,774064;1,239688;35;NIE
91;0,500000;-0,168939;0,616093;-0,000970;0,000859;0,000053;106;TAK;0,000006;0,774296;0,619843;43;NIE
92;0,500000;0,338192;0,587494;0,775692;-0,000397;0,619872;82;NIE;0,773739;0,774719;1,239704;47;NIE
93;0,500000;-0,990177;-0,253176;-0,775334;0,774168;1,239696;79;NIE;-0,774845;0,000730;0,619855;47;NIE
94;0,500000;-0,193935;-0,341994;-0,774013;-0,000197;0,619854;96;NIE;-0,000087;-0,000197;0,000001;47;TAK
95;0,500000;0,188748;0,477553;0,774685;0,774428;1,239677;90;NIE;0,774685;0,776381;1,239761;43;NIE
96;0,500000;-0,900505;0,733995;-0,000114;0,775010;0,619840;108;NIE;-0,774772;0,775010;1,239677;35;NIE
97;0,500000;0,181911;-0,648819;0,775661;-0,000382;0,619870;79;NIE;0,774928;0,001571;0,619917;43;NIE
98;0,500000;-0,675183;0,728804;0,774035;0,775679;1,239718;79;NIE;0,774035;0,774702;1,239689;39;NIE
99;0,500000;-0,716255;-0,499713;-0,774848;0,000287;0,619840;69;NIE;-0,774848;-0,000201;0,619839;27;NIE
100;0,500000;0,840221;0,419536;0,773815;0,775004;1,239702;99;NIE;0,774669;0,773051;1,239761;39;NIE
101;0,100000;0,375793;-0,737104;0,774230;-0,774604;1,239682;70;NIE;0,774230;-0,774800;1,239682;31;NIE
102;0,100000;-0,621886;-0,374489;-0,775011;0,000511;0,619848;68;NIE;-0,775011;0,000511;0,619848;31;NIE
103;0,100000;-0,761633;0,306405;-0,774133;0,000155;0,619849;65;NIE;-0,774719;-0,001408;0,619900;43;NIE
104;0,100000;0,058550;0,001925;0,000737;0,000362;0,000021;75;TAK;-0,000825;-0,000028;0,000022;27;TAK
105;0,100000;-0,208971;0,679819;0,000404;0,775131;0,619848;72;NIE;-0,001159;0,774692;0,619880;43;NIE
106;0,100000;-0,718151;-0,646081;-0,774401;-0,774206;1,239686;74;NIE;-0,774694;-0,775769;1,239709;35;NIE
107;0,100000;-0,132778;0,731237;0,000035;0,774987;0,619840;74;NIE;0,000035;0,774596;0,619838;35;NIE
108;0,100000;0,624304;-0,404739;0,774304;-0,000052;0,619843;69;NIE;0,774694;-0,000052;0,619837;35;NIE
109;0,100000;-0,837801;0,329171;-0,775301;-0,000516;0,619856;87;NIE;-0,774715;0,001046;0,619872;39;NIE
110;0,100000;0,756863;-0,608189;0,774051;-0,775376;1,239702;86;NIE;0,774734;-0,775376;1,239688;35;NIE
111;0,100000;-0,912577;0,329567;-0,775077;-0,000120;0,619842;88;NIE;-0,774784;0,001442;0,619904;39;NIE
112;0,100000;-0,120332;-0,409483;-0,000020;-0,000108;0,000000;84;TAK;0,000762;-0,000108;0,000019;35;TAK
113;0,100000;-0,003414;0,278323;-0,000289;0,000198;0,000004;64;TAK;-0,000093;-0,001364;0,000060;43;TAK
114;0,100000;0,852935;0,039612;0,774810;0,000549;0,619847;84;NIE;0,774810;-0,001013;0,619870;27;NIE
115;0,100000;-0,118187;0,247181;0,000563;0,000306;0,000013;81;TAK;-0,000023;0,000306;0,000003;43;TAK
116;0,100000;-0,164891;0,111962;0,000734;-0,000538;0,000026;72;TAK;0,000734;-0,000148;0,000018;35;TAK
117;0,100000;-0,806996;0,321313;-0,774184;-0,000562;0,619856;88;NIE;-0,774770;-0,000562;0,619847;43;NIE
118;0,100000;-0,419491;0,043417;-0,000741;-0,000333;0,000021;77;TAK;-0,000741;0,000449;0,000024;35;TAK
119;0,100000;0,532411;0,911640;0,774598;0,774140;1,239685;79;NIE;0,774989;0,775703;1,239707;39;NIE
120;0,100000;-0,682474;0,361868;-0,774662;-0,000632;0,619850;81;NIE;-0,774662;0,000930;0,619865;39;NIE
121;0,100000;-0,343489;-0,036148;0,000261;-0,000210;0,000004;79;TAK;0,000261;0,000180;0,000003;35;TAK
122;0,100000;-0,740591;0,833475;-0,774966;0,774100;1,239688;73;NIE;-0,773403;0,774881;1,239729;31;NIE
123;0,100000;0,373000;0,277079;0,774563;0,000516;0,619846;70;NIE;0,774954;0,000516;0,619847;39;NIE
124;0,100000;0,222777;0,102633;-0,000661;-0,000492;0,000022;64;TAK;0,000121;-0,000492;0,000008;39;TAK
125;0,100000;0,575543;-0,319220;0,773980;-0,000470;0,619861;64;NIE;0,773980;-0,000080;0,619854;43;NIE
126;0,100000;0,924160;-0,942834;0,774160;-0,774084;1,239696;72;NIE;0,774551;-0,774084;1,239688;31;NIE
127;0,100000;-0,717135;0,722081;-0,774947;0,775206;1,239684;75;NIE;-0,774557;0,775206;1,239683;35;NIE
128;0,100000;0,664838;0,884719;0,774213;0,775344;1,239695;50;NIE;0,774994;0,773781;1,239704;35;NIE
129;0,100000;0,106016;-0,820349;-0,000234;-0,775037;0,619842;68;NIE;-0,000234;-0,774256;0,619846;35;NIE
130;0,100000;0,120975;0,113846;0,000663;-0,000216;0,000015;74;TAK;0,000663;0,000565;0,000024;35;TAK
131;0,100000;-0,481964;-0,932644;-0,774151;-0,774832;1,239685;78;NIE;-0,775714;-0,774051;1,239719;35;NIE
132;0,100000;0,790820;-0,476837;0,775195;-0,775274;1,239691;81;NIE;0,774804;-0,775274;1,239684;35;NIE
133;0,100000;-0,002844;0,428845;0,000281;0,774157;0,619849;72;NIE;0,000086;0,775720;0,619869;39;NIE
134;0,100000;-0,086083;-0,149424;-0,000146;0,000576;0,000011;68;TAK;-0,000146;-0,000010;0,000001;35;TAK
135;0,100000;0,589037;-0,009462;0,774975;-0,000087;0,619840;72;NIE;0,773412;0,000011;0,619890;35;NIE
136;0,100000;-0,077739;-0,324341;0,000386;0,000659;0,000019;55;TAK;-0,001177;0,000659;0,000058;27;TAK
137;0,100000;0,648667;-0,627327;0,775230;-0,774202;1,239691;67;NIE;0,775230;-0,774593;1,239683;39;NIE
138;0,100000;-0,355269;-0,465067;-0,000581;-0,774442;0,619850;88;NIE;0,000981;-0,774442;0,619870;39;NIE
139;0,100000;0,546839;-0,385447;0,774964;0,000490;0,619847;83;NIE;0,774574;0,000490;0,619845;43;NIE
140;0,100000;0,918678;0,560332;0,774928;0,774395;1,239679;89;NIE;0,774635;0,775957;1,239723;39;NIE
141;0,100000;-0,952377;-0,085919;-0,774252;0,000018;0,619844;71;NIE;-0,775033;0,000018;0,619840;35;NIE
142;0,100000;0,693438;-0,917479;0,774688;-0,775292;1,239685;74;NIE;0,774688;-0,775292;1,239685;35;NIE
143;0,100000;0,877492;-0,334820;0,774367;-0,000445;0,619847;71;NIE;0,774367;0,000337;0,619845;39;NIE
144;0,100000;-0,431246;0,767642;0,000004;0,775454;0,619854;85;NIE;0,000004;0,774698;0,619837;39;NIE
145;0,100000;0,224393;0,224564;-0,000607;-0,000436;0,000018;48;TAK;-0,000607;-0,000436;0,000018;31;TAK
146;0,100000;0,156327;-0,256217;0,000077;0,000033;0,000000;62;TAK;-0,001485;-0,001529;0,000145;35;TAK
147;0,100000;-0,727846;0,943377;-0,774721;0,774627;1,239675;80;NIE;-0,774721;0,774627;1,239675;31;NIE
148;0,100000;-0,322912;0,438507;0,000525;0,774445;0,619848;77;NIE;0,000525;0,776007;0,619898;31;NIE
149;0,100000;-0,586946;0,881091;-0,774446;0,774841;1,239677;56;NIE;-0,774446;0,774841;1,239677;35;NIE
150;0,100000;0,028015;-0,918360;-0,000110;-0,774610;0,619838;76;NIE;-0,000110;-0,776173;0,619904;35;NIE
151;0,100000;-0,325161;-0,042041;-0,000161;0,000146;0,000001;88;TAK;-0,000161;0,000146;0,000001;31;TAK
152;0,100000;-0,442436;-0,794041;-0,000249;-0,775291;0,619849;85;NIE;-0,000249;-0,774705;0,619839;43;NIE
153;0,100000;-0,449459;0,284176;0,000541;-0,000199;0,000011;92;TAK;-0,000045;-0,000199;0,000001;43;TAK
154;0,100000;-0,987745;0,399010;-0,775245;0,774010;1,239699;60;NIE;-0,775245;0,774401;1,239686;35;NIE
155;0,100000;0,738204;0,841945;0,774142;0,774758;1,239685;73;NIE;0,774923;0,773195;1,239748;27;NIE
156;0,100000;0,891922;0,749877;0,774734;0,774877;1,239675;68;NIE;0,774734;0,774706;1,239674;39;NIE
157;0,100000;0,847702;0,642617;0,774264;0,775430;1,239697;81;NIE;0,775046;0,775430;1,239694;35;NIE
158;0,100000;-0,565537;0,717385;-0,774912;0,775197;1,239683;79;NIE;-0,774912;0,775197;1,239683;35;NIE
159;0,100000;-0,818377;-0,270810;-0,774627;-0,000498;0,619845;87;NIE;-0,774724;0,001065;0,619873;39;NIE
160;0,100000;0,244729;0,618967;-0,000584;0,775217;0,619856;63;NIE;0,000979;0,774632;0,619868;39;NIE
161;0,100000;0,121629;-0,493732;-0,000246;-0,774982;0,619841;63;NIE;0,000145;-0,774982;0,619840;39;NIE
162;0,100000;0,909145;-0,258648;0,774770;0,000727;0,619854;77;NIE;0,774770;0,000727;0,619854;35;NIE
163;0,100000;-0,322324;-0,764032;-0,000449;-0,774970;0,619846;72;NIE;0,001113;-0,774579;0,619877;31;NIE
164;0,100000;-0,064352;-0,564437;-0,000290;-0,775374;0,619853;78;NIE;0,000101;-0,775374;0,619851;39;NIE
165;0,100000;0,532252;-0,231613;0,774440;-0,000363;0,619844;78;NIE;0,775221;-0,000363;0,619849;35;NIE
166;0,100000;-0,064905;0,983790;0,000720;0,774415;0,619857;79;NIE;-0,000061;0,774415;0,619840;35;NIE
167;0,100000;-0,353276;-0,128556;-0,000151;-0,000431;0,000007;74;TAK;-0,000151;0,000350;0,000005;43;TAK
168;0,100000;-0,790611;-0,649964;-0,774986;-0,774964;1,239679;68;NIE;-0,774986;-0,774964;1,239679;27;NIE
169;0,100000;0,267354;0,500403;0,000167;0,775403;0,619853;78;NIE;0,000167;0,774622;0,619838;47;NIE
170;0,100000;-0,535453;-0,944055;-0,774515;-0,775305;1,239687;88;NIE;-0,774515;-0,774915;1,239677;39;NIE
171;0,100000;0,780298;-0,189371;0,774048;-0,000309;0,619854;74;NIE;0,774731;-0,000309;0,619840;35;NIE
172;0,100000;0,342889;-0,591699;0,000701;-0,774511;0,619854;86;NIE;0,000701;-0,774511;0,619854;39;NIE
173;0,100000;-0,714059;0,683417;-0,774996;0,774042;1,239691;74;NIE;-0,774996;0,774823;1,239677;31;NIE
174;0,100000;0,870996;-0,078821;0,774121;-0,000696;0,619864;58;NIE;0,774121;0,000085;0,619848;35;NIE
175;0,100000;0,874225;-0,297138;0,774225;-0,000263;0,619847;48;NIE;0,775788;0,000005;0,619873;47;NIE
176;0,100000;0,949368;0,140319;0,774368;-0,000306;0,619844;72;NIE;0,775931;0,000085;0,619884;39;NIE
177;0,100000;-0,545033;0,701939;-0,774721;0,775376;1,239688;77;NIE;-0,774721;0,774693;1,239674;39;NIE
178;0,100000;-0,220185;0,003042;0,000127;-0,000083;0,000001;74;TAK;0,000127;-0,000010;0,000001;39;TAK
179;0,100000;-0,203202;-0,822222;-0,000077;-0,775347;0,619850;65;NIE;-0,000077;-0,774761;0,619837;43;NIE
180;0,100000;0,227595;-0,275054;-0,000530;-0,000054;0,000009;63;TAK;0,000251;0,001509;0,000074;39;TAK
181;0,100000;0,165785;-0,555883;0,000160;-0,774633;0,619838;79;NIE;-0,001402;-0,774633;0,619900;35;NIE
182;0,100000;-0,382843;-0,438177;-0,000031;-0,000677;0,000015;91;TAK;0,001532;0,000104;0,000075;39;TAK
183;0,100000;0,453539;-0,015670;0,775414;-0,000045;0,619852;70;NIE;0,773851;-0,000045;0,619861;35;NIE
184;0,100000;-0,405574;-0,473232;0,000676;-0,774794;0,619852;68;NIE;-0,000887;-0,774013;0,619878;35;NIE
185;0,100000;-0,927260;0,486099;-0,774135;0,775161;1,239691;72;NIE;-0,775697;0,773599;1,239743;27;NIE
186;0,100000;-0,844000;0,516081;-0,775250;0,775456;1,239700;78;NIE;-0,774469;0,775456;1,239693;35;NIE
187;0,100000;-0,367777;0,291835;-0,000589;-0,000352;0,000015;93;TAK;-0,000589;0,000429;0,000017;43;TAK
188;0,100000;-0,559409;0,140163;-0,775034;-0,000462;0,619847;71;NIE;-0,775034;-0,000072;0,619841;39;NIE
189;0,100000;-0,556121;0,408774;-0,774871;0,774399;1,239678;82;NIE;-0,774871;0,774399;1,239678;39;NIE
190;0,100000;0,270758;-0,129581;0,000446;0,000106;0,000007;76;TAK;0,000446;-0,000285;0,000009;43;TAK
191;0,100000;0,593529;-0,469196;0,774779;-0,775446;1,239691;56;NIE;0,773998;-0,773884;1,239712;39;NIE
192;0,100000;-0,127866;0,358449;0,000259;0,000637;0,000015;96;TAK;0,000259;-0,000926;0,000029;35;TAK
193;0,100000;0,063916;-0,600977;-0,000147;-0,774415;0,619841;70;NIE;-0,000147;-0,774415;0,619841;39;NIE
194;0,100000;-0,912714;-0,410930;-0,775214;0,000008;0,619845;76;NIE;-0,774433;-0,001555;0,619917;35;NIE
195;0,100000;-0,043925;0,615183;-0,000175;0,774558;0,619839;73;NIE;-0,000175;0,774558;0,619839;31;NIE
196;0,100000;0,474661;-0,994508;0,774661;-0,774196;1,239683;64;NIE;0,774734;-0,774196;1,239683;39;NIE
197;0,100000;-0,830268;0,080266;-0,774018;0,000579;0,619863;67;NIE;-0,774018;0,000579;0,619863;31;NIE
198;0,100000;0,250719;-0,421504;0,000719;0,000371;0,000021;80;TAK;-0,000843;0,000078;0,000023;51;TAK
199;0,100000;-0,631937;-0,444747;-0,774124;0,000566;0,619858;74;NIE;-0,774808;0,000566;0,619848;39;NIE
200;0,100000;-0,512600;0,771143;-0,775100;0,774268;1,239685;74;NIE;-0,775100;0,774757;1,239679;39;NIE
201;0,010000;-0,946199;0,239484;-0,774949;-0,000516;0,619847;73;NIE;-0,774637;-0,000516;0,619846;49;NIE
202;0,010000;0,007996;-0,144823;0,000496;0,000177;0,000009;57;TAK;0,000028;0,000177;0,000001;29;TAK
203;0,010000;-0,980385;-0,005564;-0,774135;-0,000564;0,619858;59;NIE;-0,774135;0,000002;0,619848;41;NIE
204;0,010000;0,098199;0,178907;-0,000551;0,000157;0,000010;69;TAK;-0,000239;-0,001093;0,000040;41;TAK
205;0,010000;0,396254;-0,253015;0,000004;-0,000515;0,000008;92;TAK;-0,000621;0,000735;0,000029;45;TAK
206;0,010000;-0,610281;-0,691304;-0,775281;-0,775054;1,239688;72;NIE;-0,774656;-0,775054;1,239678;37;NIE
207;0,010000;-0,198600;0,793790;0,000150;0,775040;0,619841;60;NIE;0,000150;0,774727;0,619838;41;NIE
208;0,010000;-0,896075;-0,571257;-0,774825;-0,775007;1,239677;81;NIE;-0,774512;-0,775007;1,239678;45;NIE
209;0,010000;-0,543981;-0,444984;-0,775231;-0,774984;1,239685;85;NIE;-0,773981;-0,774984;1,239694;45;NIE
210;0,010000;0,342639;0,917495;0,000139;0,774995;0,619840;85;NIE;0,000139;0,774683;0,619838;45;NIE
211;0,010000;0,138262;-0,253512;-0,000488;0,000238;0,000009;85;TAK;0,000137;0,000238;0,000002;45;TAK
212;0,010000;-0,421166;-0,614489;-0,774916;-0,774489;1,239677;101;NIE;-0,774916;-0,774801;1,239676;53;NIE
213;0,010000;0,695976;-0,340428;0,774726;-0,000428;0,619843;66;NIE;0,774726;-0,000428;0,619843;37;NIE
214;0,010000;-0,725410;-0,732337;-0,774160;-0,774837;1,239684;49;NIE;-0,774160;-0,774837;1,239684;33;NIE
215;0,010000;0,694875;-0,906121;0,774875;-0,774871;1,239676;63;NIE;0,773625;-0,774871;1,239712;33;NIE
216;0,010000;0,836959;0,115699;0,774459;-0,000551;0,619849;74;NIE;0,774772;-0,000551;0,619847;49;NIE
217;0,010000;-0,881264;-0,695727;-0,775014;-0,774477;1,239679;66;NIE;-0,773764;-0,774790;1,239703;37;NIE
218;0,010000;0,197593;-0,451159;0,000093;-0,774909;0,619839;91;NIE;-0,000532;-0,774909;0,619847;45;NIE
219;0,010000;-0,097749;-0,739015;-0,000249;-0,775265;0,619849;59;NIE;-0,000249;-0,774718;0,619839;33;NIE
220;0,010000;-0,155813;0,033769;0,000437;0,000019;0,000006;60;TAK;0,000437;-0,000001;0,000006;37;TAK
221;0,010000;0,659904;-0,557930;0,774904;-0,774180;1,239684;85;NIE;0,774904;-0,775430;1,239691;41;NIE
222;0,010000;0,798847;0,271650;0,775097;0,000400;0,619847;77;NIE;0,774706;0,000400;0,619842;45;NIE
223;0,010000;0,500400;0,598724;0,774150;0,774974;1,239686;76;NIE;0,774150;0,774974;1,239686;41;NIE
224;0,010000;-0,089683;-0,895639;0,000317;-0,774389;0,619844;55;NIE;0,000004;-0,775639;0,619864;33;NIE
225;0,010000;-0,347235;-0,022430;0,000265;0,000070;0,000002;68;TAK;0,000265;-0,000003;0,000002;45;TAK
226;0,010000;0,697004;0,184425;0,774504;-0,000575;0,619849;69;NIE;0,774817;-0,000575;0,619848;37;NIE
227;0,010000;0,777232;0,845224;0,774732;0,775224;1,239682;63;NIE;0,774576;0,773974;1,239692;33;NIE
228;0,010000;0,744056;-0,445989;0,775306;-0,774739;1,239685;79;NIE;0,774716;-0,773489;1,239721;45;NIE
229;0,010000;0,368188;0,548456;-0,000562;0,774706;0,619847;105;NIE;-0,000562;0,775019;0,619850;53;NIE
230;0,010000;0,744579;0,943122;0,774579;0,774372;1,239679;71;NIE;0,774706;0,774372;1,239678;41;NIE
231;0,010000;-0,972177;-0,150359;-0,774677;-0,000359;0,619841;74;NIE;-0,774677;0,000110;0,619838;37;NIE
232;0,010000;-0,099021;0,947649;-0,000271;0,775149;0,619845;77;NIE;0,000041;0,775149;0,619843;41;NIE
233;0,010000;0,184407;-0,052072;-0,000593;0,000428;0,000017;70;TAK;-0,000593;0,000115;0,000012;37;TAK
234;0,010000;-0,291620;0,853884;-0,000370;0,775134;0,619847;68;NIE;-0,000370;0,774665;0,619842;45;NIE
235;0,010000;0,583272;0,494788;0,774522;0,774788;1,239676;73;NIE;0,774522;0,774788;1,239676;37;NIE
236;0,010000;0,856453;0,321245;0,775203;-0,000005;0,619845;83;NIE;0,774578;0,001245;0,619887;37;NIE
237;0,010000;-0,808998;-0,555118;-0,775248;-0,775118;1,239688;71;NIE;-0,774740;-0,773868;1,239697;45;NIE
238;0,010000;0,765604;0,047516;0,774354;0,000016;0,619841;50;NIE;0,774745;-0,001234;0,619886;33;NIE
239;0,010000;0,372090;0,540502;-0,000410;0,774252;0,619849;103;NIE;-0,000410;0,775502;0,619862;45;NIE
240;0,010000;0,768730;0,663818;0,774980;0,775068;1,239680;59;NIE;0,774706;0,775068;1,239678;45;NIE
241;0,010000;-0,089415;0,018901;0,000585;0,000151;0,000012;45;TAK;0,000585;0,000151;0,000012;25;TAK
242;0,010000;0,079020;0,448115;0,000270;0,774365;0,619843;81;NIE;-0,000043;0,774365;0,619841;41;NIE
243;0,010000;0,572085;0,823617;0,774585;0,774867;1,239676;67;NIE;0,774585;0,774789;1,239675;41;NIE
244;0,010000;-0,324460;-0,789073;0,000540;-0,775323;0,619858;81;NIE;0,000540;-0,774776;0,619847;37;NIE
245;0,010000;0,632139;-0,932627;0,774639;-0,775127;1,239680;60;NIE;0,774639;-0,775127;1,239680;33;NIE
246;0,010000;-0,710852;0,734298;-0,774602;0,774298;1,239680;49;NIE;-0,774602;0,774766;1,239675;33;NIE
247;0,010000;-0,738320;0,373697;-0,774570;-0,000053;0,619838;87;NIE;-0,774726;0,001197;0,619883;45;NIE
248;0,010000;0,758782;-0,477151;0,775032;-0,774651;1,239678;91;NIE;0,774715;-0,774651;1,239675;45;NIE
249;0,010000;-0,567782;-0,698901;-0,775282;-0,775151;1,239690;77;NIE;-0,775282;-0,774682;1,239684;45;NIE
250;0,010000;0,540693;-0,778929;0,774443;-0,775179;1,239683;72;NIE;0,775693;-0,774715;1,239704;45;NIE
251;0,010000;0,091233;-0,904522;-0,000017;-0,774522;0,619838;61;NIE;-0,000017;-0,774678;0,619837;37;NIE
252;0,010000;0,321433;-0,041629;0,000183;-0,000379;0,000006;84;TAK;-0,001067;0,000012;0,000036;41;TAK
253;0,010000;-0,022325;-0,566113;0,000175;-0,774863;0,619839;64;NIE;-0,000021;-0,773613;0,619875;45;NIE
254;0,010000;0,198873;-0,633112;0,000123;-0,774362;0,619842;75;NIE;0,000123;-0,775612;0,619863;41;NIE
255;0,010000;-0,011644;0,396309;-0,000394;0,000059;0,000005;97;TAK;-0,000003;-0,001191;0,000045;41;TAK
256;0,010000;-0,011697;0,267006;-0,000447;-0,000494;0,000014;77;TAK;0,000003;-0,000494;0,000008;45;TAK
257;0,010000;0,271077;-0,595288;-0,000173;-0,775288;0,619848;77;NIE;-0,000173;-0,774663;0,619838;45;NIE
258;0,010000;0,437174;-0,755512;0,774674;-0,774262;1,239681;69;NIE;0,774674;-0,774731;1,239674;41;NIE
259;0,010000;0,564117;0,461623;0,774117;0,774123;1,239697;83;NIE;0,774742;0,775373;1,239688;37;NIE
260;0,010000;-0,498481;-0,741524;-0,774731;-0,775274;1,239684;74;NIE;-0,773481;-0,774649;1,239722;37;NIE
261;0,010000;-0,111826;0,640763;-0,000576;0,774513;0,619849;74;NIE;-0,000576;0,774825;0,619848;45;NIE
262;0,010000;-0,652822;-0,622237;-0,775322;-0,774737;1,239686;58;NIE;-0,774072;-0,774425;1,239690;45;NIE
263;0,010000;0,111064;0,453583;-0,000186;0,774833;0,619839;72;NIE;0,000126;0,774833;0,619838;45;NIE
264;0,010000;-0,669289;0,298671;-0,774289;-0,000079;0,619843;91;NIE;-0,774758;0,001171;0,619881;45;NIE
265;0,010000;0,128725;-0,846002;-0,000025;-0,774752;0,619837;68;NIE;-0,000025;-0,774713;0,619837;45;NIE
266;0,010000;-0,478252;-0,976301;-0,774502;-0,775051;1,239679;88;NIE;-0,774502;-0,774738;1,239676;49;NIE
267;0,010000;-0,877273;0,268718;-0,774773;-0,000032;0,619837;92;NIE;-0,774461;0,001218;0,619886;45;NIE
268;0,010000;-0,848538;-0,046015;-0,774788;0,000235;0,619839;53;NIE;-0,774788;-0,000390;0,619842;29;NIE
269;0,010000;0,534133;0,142560;0,774133;0,000060;0,619848;69;NIE;0,774133;0,000060;0,619848;41;NIE
270;0,010000;-0,251817;-0,044694;-0,000567;0,000306;0,000013;80;TAK;-0,000567;-0,000006;0,000010;41;TAK
271;0,010000;0,563796;-0,871117;0,775046;-0,774867;1,239679;82;NIE;0,774421;-0,774867;1,239678;37;NIE
272;0,010000;0,242324;0,980107;-0,000176;0,775107;0,619843;78;NIE;0,001074;0,774482;0,619876;53;NIE
273;0,010000;-0,986631;0,219312;-0,774131;0,000562;0,619858;68;NIE;-0,774756;0,000562;0,619847;45;NIE
274;0,010000;-0,343859;0,276285;-0,000109;0,000035;0,000000;90;TAK;-0,000109;-0,000590;0,000011;45;TAK
275;0,010000;0,663254;-0,365202;0,774504;-0,000202;0,619840;90;NIE;0,774504;0,001048;0,619874;45;NIE
276;0,010000;0,084721;-0,015573;-0,000279;-0,000573;0,000013;45;TAK;0,000971;-0,000006;0,000030;37;TAK
277;0,010000;0,979324;0,542807;0,774324;0,775307;1,239690;73;NIE;0,774949;0,775307;1,239687;49;NIE
278;0,010000;0,261022;0,085473;-0,000228;0,000473;0,000009;78;TAK;0,001022;-0,000152;0,000034;45;TAK
279;0,010000;0,426768;0,752429;0,774268;0,774929;1,239682;60;NIE;0,774268;0,774734;1,239681;45;NIE
280;0,010000;0,036419;0,246166;0,000169;-0,000084;0,000001;82;TAK;0,000012;0,001166;0,000043;45;TAK
281;0,010000;0,729859;-0,566256;0,774859;-0,775006;1,239678;72;NIE;0,774723;-0,773756;1,239703;45;NIE
282;0,010000;-0,804149;-0,230885;-0,774149;0,000365;0,619851;63;NIE;-0,774720;0,000365;0,619841;53;NIE
283;0,010000;0,130089;-0,112497;0,000089;0,000003;0,000000;61;TAK;-0,001161;0,000003;0,000043;41;TAK
284;0,010000;-0,139190;-0,104616;-0,000440;0,000384;0,000011;67;TAK;-0,000440;0,000072;0,000006;41;TAK
285;0,010000;-0,113214;-0,260815;0,000536;0,000435;0,000015;87;TAK;-0,000089;0,000435;0,000006;45;TAK
286;0,010000;0,320721;-0,589213;-0,000529;-0,774213;0,619854;91;NIE;0,000721;-0,774213;0,619862;37;NIE
287;0,010000;-0,754372;-0,766113;-0,774372;-0,774863;1,239679;45;NIE;-0,774372;-0,774863;1,239679;21;NIE
288;0,010000;0,118811;-0,147612;0,000061;-0,000112;0,000001;63;TAK;-0,001189;0,000200;0,000046;41;TAK
289;0,010000;0,658349;-0,489295;0,774599;-0,774295;1,239680;90;NIE;0,774599;-0,774295;1,239680;41;NIE
290;0,010000;0,422600;0,450343;0,775100;0,774093;1,239691;84;NIE;0,775100;0,774718;1,239679;49;NIE
291;0,010000;-0,122468;-0,826383;0,000032;-0,775133;0,619843;62;NIE;0,000032;-0,775133;0,619843;37;NIE
292;0,010000;-0,266242;0,077668;0,000008;0,000168;0,000001;70;TAK;0,000008;-0,000144;0,000001;41;TAK
293;0,010000;-0,545424;-0,638502;-0,774174;-0,774752;1,239684;74;NIE;-0,774174;-0,774733;1,239684;49;NIE
294;0,010000;0,321474;0,101167;0,000224;-0,000083;0,000002;84;TAK;-0,001026;-0,000083;0,000034;41;TAK
295;0,010000;-0,547653;-0,183234;-0,775153;0,000516;0,619852;79;NIE;-0,773903;0,000204;0,619859;45;NIE
296;0,010000;-0,990007;0,608174;-0,775007;0,774424;1,239680;75;NIE;-0,773757;0,774736;1,239703;45;NIE
297;0,010000;0,465934;-0,347625;0,774684;-0,000125;0,619838;76;NIE;0,774840;-0,000125;0,619838;45;NIE
298;0,010000;-0,636020;-0,618340;-0,774770;-0,774590;1,239675;74;NIE;-0,774770;-0,774903;1,239676;41;NIE
299;0,010000;0,360624;0,170764;0,000624;-0,000486;0,000020;88;TAK;0,000624;0,000061;0,000013;49;TAK
300;0,010000;-0,705841;0,069339;-0,774591;0,000589;0,619849;48;NIE;-0,774591;0,000589;0,619849;37;NIE
